City_ID,City,Lat,Lng,Max Temp,Humidity,Cloudiness,Wind Speed,Country,Date
0,puerto natales,-51.7236,-72.4875,4.26,92,100,10.13,CL,1691059633
1,bredasdorp,-34.5322,20.0403,22.53,41,43,2.76,ZA,1691059643
2,adamstown,-25.066,-130.1015,21.52,79,97,9.58,PN,1691059645
3,petropavlovsk-kamchatsky,53.0452,158.6483,12.33,100,20,3.0,RU,1691059646
4,buulobarde,3.8538,45.5674,33.17,36,96,10.81,SO,1691059647
5,kerikeri,-35.2268,173.9474,4.95,86,1,2.16,NZ,1691059648
6,constantia,44.1833,28.65,31.5,56,0,5.12,RO,1691059649
7,aljezur,37.3191,-8.8033,23.55,53,1,6.97,PT,1691059650
8,taro,-8.3862,115.28,22.0,94,38,1.12,ID,1691059651
9,fot,47.6177,19.1887,28.52,53,6,3.13,HU,1691059652
10,isla vista,34.4133,-119.861,20.46,79,0,1.54,US,1691059654
11,bobo-dioulasso,11.1771,-4.2979,26.25,89,75,4.63,BF,1691059655
12,port-aux-francais,-49.35,70.2167,3.56,92,85,13.74,TF,1691059656
13,margaret river,-33.95,115.0667,10.84,69,99,2.3,AU,1691059657
14,vilyuchinsk,52.9306,158.4028,13.15,84,78,1.14,RU,1691059658
15,puerto baquerizo moreno,-0.9,-89.6,23.74,78,34,3.54,EC,1691059396
16,puerto ayora,-0.7393,-90.3518,23.64,94,26,0.89,EC,1691059536
17,albany,42.6001,-73.9662,16.28,84,91,1.57,US,1691059410
18,blackmans bay,-43.0167,147.3167,13.07,73,100,2.44,AU,1691059663
19,shetpe,44.1667,52.1167,38.16,17,78,5.24,KZ,1691059664
20,colombo,6.9319,79.8478,29.97,80,23,6.27,LK,1691059665
21,zhezqazghan,47.7833,67.7667,33.32,19,0,4.0,KZ,1691059666
22,happy valley-goose bay,53.3168,-60.3315,11.17,93,75,1.03,CA,1691059667
23,al jubayl,27.0112,49.6583,37.75,52,0,6.42,SA,1691059668
24,horta,38.5333,-28.6333,23.9,81,20,5.14,PT,1691059670
25,corner brook,48.9667,-57.9484,13.09,82,16,2.39,CA,1691059551
26,gharo,24.7424,67.5856,31.12,60,81,9.88,PK,1691059672
27,iqaluit,63.7506,-68.5145,5.85,93,75,1.03,CA,1691059673
28,lucas,41.6501,-83.6666,16.7,93,0,0.0,US,1691059674
29,yamada,39.4667,141.95,24.8,92,40,3.65,JP,1691059675
30,touros,-5.1989,-35.4608,26.76,71,31,7.07,BR,1691059676
31,edinburgh of the seven seas,-37.0676,-12.3116,13.48,79,61,11.91,SH,1691059677
32,tiksi,71.6872,128.8694,3.76,97,100,5.73,RU,1691059679
33,nova venecia,-18.7106,-40.4006,20.14,78,0,1.28,BR,1691059680
34,villa gesell,-37.2639,-56.973,6.1,64,8,3.87,AR,1691059681
35,rongelap,11.1635,166.8941,28.43,79,66,5.95,MH,1691059682
36,tyukalinsk,55.8732,72.1967,25.8,50,79,2.79,RU,1691059683
37,faya-largeau,17.9257,19.1043,37.94,37,0,4.12,TD,1691059684
38,qaqortoq,60.7167,-46.0333,8.37,73,82,0.88,GL,1691059685
39,lihue,21.9789,-159.3672,26.77,77,20,7.2,US,1691059687
40,talnakh,69.4865,88.3972,25.34,20,22,1.12,RU,1691059688
41,hermanus,-34.4187,19.2345,24.33,50,11,0.87,ZA,1691059689
42,nantucket,41.2835,-70.0995,18.9,100,0,0.0,US,1691059690
43,ushuaia,-54.8,-68.3,3.81,81,75,9.77,AR,1691059691
44,mezhdurechenskiy,59.6,65.9333,23.97,75,97,2.82,RU,1691059692
45,bethel,41.3712,-73.414,16.46,88,0,0.0,US,1691059693
46,iringa,-7.7667,35.7,19.62,49,20,5.14,TZ,1691059694
47,ilulissat,69.2167,-51.1,8.01,87,75,1.54,GL,1691059696
48,tadine,-21.55,167.8833,19.84,76,100,10.38,NC,1691059698
49,grytviken,-54.2811,-36.5092,-1.37,95,100,2.81,GS,1691059699
50,awantipur,33.9167,75.0167,28.93,52,9,1.56,IN,1691059700
51,waitangi,-43.9535,-176.5597,7.12,94,100,2.24,NZ,1691059701
52,angles,41.944,2.6323,24.76,76,100,3.09,ES,1691059702
53,kone,-21.0595,164.8658,18.46,81,100,2.73,NC,1691059703
54,kenai,60.5544,-151.2583,12.27,94,0,6.17,US,1691059632
55,aras-asan,8.8908,126.3033,27.47,84,9,1.78,PH,1691059705
56,port elizabeth,-33.918,25.5701,25.16,33,0,4.63,ZA,1691059648
57,west island,-12.1568,96.8225,24.99,73,75,8.75,CC,1691059708
58,emerald,-23.5333,148.1667,17.41,56,33,6.56,AU,1691059709
59,afaahiti,-17.75,-149.2833,21.93,76,24,5.43,PF,1691059710
60,badger,64.8,-147.5333,17.62,78,75,2.57,US,1691059711
61,karbinci,41.8167,22.2375,36.92,23,0,3.82,MK,1691059712
62,uturoa,-16.7333,-151.4333,25.94,71,3,6.18,PF,1691059713
63,salinopolis,-0.6136,-47.3561,26.96,81,10,3.96,BR,1691059714
64,birobidzhan,48.8,132.95,19.54,70,100,2.66,RU,1691059715
65,bilibino,68.0546,166.4372,9.63,94,100,1.46,RU,1691059716
66,hawaiian paradise park,19.5933,-154.9731,22.24,87,0,3.6,US,1691059636
67,thompson,55.7435,-97.8558,14.09,100,40,2.06,CA,1691059718
68,svobodnyy,51.4,128.1333,20.89,50,100,3.23,RU,1691059719
69,cidreira,-30.1811,-50.2056,17.37,93,21,5.6,BR,1691059721
70,galesong,-5.3166,119.3661,28.01,74,8,4.58,ID,1691059722
71,ketchikan,55.3422,-131.6461,14.26,94,100,1.54,US,1691059714
72,malango,-2.9627,119.9001,20.43,95,4,0.7,ID,1691059724
73,alaghsas,17.0187,8.0168,32.94,52,36,5.14,NE,1691059725
74,ancud,-41.8697,-73.8203,3.31,81,44,1.25,CL,1691059651
75,kalmunai,7.4167,81.8167,32.02,58,25,4.6,LK,1691059727
76,mount pearl,47.5166,-52.7813,17.4,88,75,5.14,CA,1691059728
77,yelanskiy,56.8419,62.5014,27.76,43,83,4.89,RU,1691059729
78,prince rupert,54.3161,-130.3201,12.83,98,100,1.54,CA,1691059731
79,vadso,70.0744,29.7487,27.49,60,0,6.17,NO,1691059732
80,howrah,22.5892,88.3103,33.0,70,75,6.17,IN,1691059620
81,okha,53.5739,142.9478,12.54,91,99,5.95,RU,1691059734
82,fort bragg,35.139,-79.006,20.46,91,100,1.54,US,1691059735
83,nova sintra,14.8667,-24.7167,22.51,79,99,2.84,CV,1691059737
84,santa fe de antioquia,6.5569,-75.8281,24.87,85,23,0.53,CO,1691059738
85,jamestown,42.097,-79.2353,19.77,96,20,2.06,US,1691059696
86,boca suno,-0.7167,-77.1333,19.62,90,30,0.67,EC,1691059740
87,muravlenko,63.7898,74.523,26.38,49,35,5.47,RU,1691059741
88,yellowknife,62.456,-114.3525,12.29,100,20,0.0,CA,1691059443
89,port mathurin,-19.6833,63.4167,23.04,79,91,5.1,MU,1691059743
90,nelson bay,-32.7167,152.15,15.61,84,1,3.58,AU,1691059744
91,holualoa,19.6228,-155.9522,23.91,89,100,2.57,US,1691059594
92,tepecoacuilco de trujano,18.3,-99.4833,19.77,96,99,1.47,MX,1691059747
93,ilha de mocambique,-15.0342,40.7358,24.93,68,8,9.44,MZ,1691059748
94,cabo san lucas,22.8909,-109.9124,29.73,69,77,0.89,MX,1691059749
95,utrik,11.2278,169.8474,28.58,79,43,7.44,MH,1691059750
96,arcelia,18.2833,-100.2667,21.42,98,100,0.37,MX,1691059751
97,whitehorse,60.7161,-135.0538,13.43,82,20,1.54,CA,1691059752
98,nchelenge,-9.3451,28.734,26.98,40,41,2.41,ZM,1691059753
99,san patricio,28.017,-97.5169,28.92,83,6,1.86,US,1691059755
100,avarua,-21.2078,-159.775,23.03,94,75,2.57,CK,1691059756
101,papatowai,-46.5619,169.4708,7.2,88,66,3.81,NZ,1691059757
102,taguatinga,-12.3857,-46.5711,24.0,49,33,2.49,BR,1691059758
103,san luis de la loma,17.2706,-100.8939,25.45,85,100,2.2,MX,1691059759
104,ribeira grande,38.5167,-28.7,24.32,73,20,5.14,PT,1691059760
105,inari,68.906,27.0288,20.11,86,98,3.09,FI,1691059761
106,yazd,31.8972,54.3675,40.06,10,0,3.09,IR,1691059762
107,pingzhuang,42.0372,119.2889,31.34,58,54,2.18,CN,1691059763
108,mukalla,14.5425,49.1242,35.92,46,13,12.06,YE,1691059764
109,westport,41.1415,-73.3579,18.37,79,0,0.0,US,1691059507
110,taltal,-25.4,-70.4833,13.9,86,19,0.75,CL,1691059698
111,cherepovets,59.1333,37.9,25.9,53,75,2.0,RU,1691059768
112,invercargill,-46.4,168.35,7.79,89,67,2.68,NZ,1691059769
113,udachny,66.4167,112.4,9.14,75,100,5.87,RU,1691059770
114,san antonio de pale,-1.4014,5.6325,22.11,76,46,1.81,GQ,1691059771
115,juegang,32.3174,121.1855,29.39,93,3,5.19,CN,1691059772
116,itamaraca,-7.7478,-34.8256,26.03,75,68,5.88,BR,1691059773
117,krasnokholm,51.5979,54.1567,31.55,25,40,5.2,RU,1691059774
118,fort st. john,56.2499,-120.8529,10.94,100,100,1.54,CA,1691059775
119,ulsteinvik,62.3432,5.8487,18.5,78,91,4.47,NO,1691059776
120,port douglas,-16.4833,145.4667,21.12,78,13,7.33,AU,1691059778
121,bayanhongor,46.7167,100.1167,19.11,51,87,0.63,MN,1691059779
122,kodiak,57.79,-152.4072,11.73,94,100,0.0,US,1691059780
123,puntarenas,9.9763,-84.8384,25.78,85,95,1.21,CR,1691059781
124,lebu,-37.6167,-73.65,6.16,71,74,8.92,CL,1691059779
125,inarajan village,13.2736,144.7484,28.08,94,100,1.35,GU,1691059784
126,colonia,50.9333,6.95,19.86,82,100,7.2,DE,1691059668
127,tarko-sale,64.9225,77.785,30.68,26,0,6.09,RU,1691059786
128,borogontsy,62.6683,131.1683,17.32,65,31,0.97,RU,1691059787
129,zaterechnyy,44.7931,45.2097,35.8,23,29,2.01,RU,1691059788
130,iwanai,42.9744,140.5089,24.0,95,83,2.41,JP,1691059790
131,wailua homesteads,22.0669,-159.378,26.44,83,20,7.2,US,1691059791
132,nueva gerona,21.8833,-82.8,28.37,78,63,3.8,CU,1691059792
133,vila franca do campo,37.7167,-25.4333,25.23,75,40,2.23,PT,1691059793
134,manakara,-22.1333,48.0167,20.8,74,94,6.29,MG,1691059795
135,hadibu,12.65,54.0333,29.76,56,37,13.07,YE,1691059798
136,syzran',53.1585,48.4681,26.58,47,100,1.79,RU,1691059679
137,carbondale,37.7273,-89.2168,22.25,98,75,2.06,US,1691059800
138,hasaki,35.7333,140.8333,29.61,88,45,6.31,JP,1691059801
139,stanley,54.868,-1.6985,17.5,77,75,4.12,GB,1691059709
140,hamilton,39.1834,-84.5333,21.6,90,100,2.06,US,1691059748
141,greymouth,-42.4667,171.2,4.09,76,0,1.89,NZ,1691059759
142,bikenibeu village,1.3673,173.1241,28.98,74,20,1.03,KI,1691059807
143,selfoss,63.9331,-20.9971,14.47,59,1,2.61,IS,1691059808
144,sept-iles,50.2001,-66.3821,12.0,95,75,2.06,CA,1691059799
145,georgetown,5.4112,100.3354,30.97,74,20,4.63,MY,1691059810
146,queenstown,-31.8976,26.8753,18.57,24,0,7.66,ZA,1691059811
147,whangarei,-35.7317,174.3239,5.74,91,3,1.38,NZ,1691059812
148,keflavik,64.0049,-22.5624,12.95,71,75,5.66,IS,1691059814
149,marion,39.7684,-86.1555,20.21,91,0,0.0,US,1691059789
150,cockburn town,21.4612,-71.1419,28.63,72,100,4.67,TC,1691059816
151,ihosy,-22.4,46.1167,18.88,62,59,7.7,MG,1691059818
152,salekhard,66.53,66.6019,27.0,43,0,6.39,RU,1691059819
153,port alfred,-33.5906,26.891,25.33,35,6,5.72,ZA,1691059820
154,pangody,65.85,74.4859,29.69,37,1,6.6,RU,1691059821
155,prado,-17.3411,-39.2208,21.68,77,4,1.07,BR,1691059822
156,ingeniero guillermo n. juarez,-23.9,-61.85,20.49,48,0,3.11,AR,1691059824
157,howard springs,-12.497,131.047,25.95,65,1,2.32,AU,1691059825
158,nova vicosa,-17.8919,-39.3719,21.34,78,2,1.86,BR,1691059826
159,alice springs,-23.7,133.8833,18.75,42,40,3.6,AU,1691059827
160,i-n-salah,27.1935,2.4607,43.97,7,0,4.09,DZ,1691059828
161,mnichovo hradiste,50.5272,14.9713,23.7,58,46,7.7,CZ,1691059829
162,yeniseysk,58.4497,92.1703,24.72,71,98,0.62,RU,1691059830
163,vilyuysk,63.7553,121.6247,21.29,57,48,3.39,RU,1691059831
164,atafu village,-8.5421,-172.5159,27.76,78,82,5.38,TK,1691059833
165,trashi yangtse,27.6116,91.498,21.23,96,100,1.03,BT,1691059834
166,bathurst,-33.4166,149.5806,9.35,89,3,0.42,AU,1691059835
167,olonkinbyen,70.9221,-8.7187,3.08,94,56,5.33,SJ,1691059836
168,punta arenas,-53.15,-70.9167,4.12,92,100,12.78,CL,1691059838
169,saipan,15.1355,145.701,28.39,100,0,0.45,MP,1691059839
170,nappanee,41.4428,-86.0014,16.63,92,0,1.54,US,1691059841
171,charters towers,-20.1,146.2667,16.87,65,49,4.46,AU,1691059843
172,aasiaat,68.7098,-52.8699,1.19,96,100,2.69,GL,1691059844
173,pasuquin,18.3328,120.6177,27.97,89,75,7.2,PH,1691059846
174,sisimiut,66.9395,-53.6735,6.68,83,100,1.4,GL,1691059847
175,bamboo flat,11.7,92.7167,30.05,74,40,6.69,IN,1691059848
176,bel ombre,-4.6167,55.4167,28.91,70,40,5.14,SC,1691059849
177,porto novo,6.4965,2.6036,26.9,82,100,3.31,BJ,1691059850
178,anadyr,64.75,177.4833,12.28,81,75,6.0,RU,1691059852
179,hami,42.8,93.45,39.02,9,2,3.62,CN,1691059853
180,izberbash,42.5696,47.8645,33.03,55,5,6.91,RU,1691059854
181,vorgashor,67.5833,63.95,27.87,48,9,2.7,RU,1691059855
182,geraldton,-28.7667,114.6,11.23,82,4,2.57,AU,1691059856
183,ivdel',60.6911,60.4206,26.26,49,79,2.57,RU,1691059857
184,sao joao da barra,-21.6403,-41.0511,18.05,75,0,4.71,BR,1691059858
185,ust-nera,64.5667,143.2,14.96,51,14,2.4,RU,1691059859
186,teknaf,20.8624,92.3058,27.79,87,100,4.85,BD,1691059860
187,severo-yeniseyskiy,60.3725,93.0408,23.96,43,99,2.54,RU,1691059861
188,saint-pierre,-21.3393,55.4781,24.82,78,0,8.23,RE,1691059575
189,kamaishi,39.2667,141.8833,24.67,94,36,3.89,JP,1691059865
190,fort mcmurray,56.7268,-111.381,13.77,100,75,2.57,CA,1691059866
191,lenger,42.183,69.8839,35.69,10,0,5.4,KZ,1691059867
192,kijang,35.2442,129.2139,30.85,72,59,2.58,KR,1691059868
193,mumford,5.2618,-0.759,25.28,80,100,3.77,GH,1691059869
194,wuhai,39.6647,106.8122,32.45,24,90,8.12,CN,1691059870
195,broken hill,-31.95,141.4333,16.52,38,17,4.58,AU,1691059871
196,machali,-34.1833,-70.6667,12.15,50,42,1.56,CL,1691059872
197,tsiombe,-25.3,45.4833,21.93,48,30,8.29,MG,1691059874
198,belyy yar,53.6039,91.3903,30.94,37,0,4.0,RU,1691059875
199,okhotsk,59.3833,143.3,16.2,56,100,5.42,RU,1691059876
200,longyearbyen,78.2186,15.6401,12.91,71,0,1.03,SJ,1691059877
201,ghanzi,-21.5667,21.7833,22.24,30,0,6.69,BW,1691059878
202,santyoku,37.4406,129.1708,28.04,74,47,3.4,KR,1691059879
203,yaren,-0.5472,166.916,28.68,71,1,3.24,NR,1691059881
204,inhambane,-23.865,35.3833,20.0,93,40,5.36,MZ,1691059882
205,el jadid,33.2549,-8.506,24.06,81,96,7.58,MA,1691059883
206,sinabang,2.4803,96.3801,27.55,80,99,1.43,ID,1691059885
207,chonchi,-42.6128,-73.8092,2.84,90,83,0.88,CL,1691059647
208,manaure,11.7751,-72.4445,26.96,80,0,4.42,CO,1691059887
209,naze,28.3667,129.4833,26.51,90,100,8.99,JP,1691059888
210,orivesi,61.6777,24.3572,21.72,73,99,2.68,FI,1691059889
211,tsengel,49.4783,100.8894,20.26,73,94,1.58,MN,1691059890
212,lompoc,34.6391,-120.4579,15.43,86,100,8.49,US,1691059638
213,dudinka,69.4058,86.1778,23.04,34,48,7.39,RU,1691059892
214,santa elena,-2.2333,-80.85,22.15,87,41,1.74,EC,1691059893
215,sonoita,31.85,-112.8333,29.77,41,0,0.43,MX,1691059895
216,sadovoye,47.7764,44.5089,33.68,29,100,4.65,RU,1691059896
217,casimiro de abreu,-22.4806,-42.2042,14.88,61,0,0.75,BR,1691059823
218,taseyevo,57.2169,94.8978,25.49,58,21,3.05,RU,1691059898
219,pandan,14.0453,124.1694,28.38,80,100,4.3,PH,1691059899
220,san julian,21.0167,-102.1667,12.45,84,25,1.04,MX,1691059901
221,crucecita,-28.95,-58.9833,18.68,62,5,2.32,AR,1691059903
222,praia da vitoria,38.7333,-27.0667,24.31,83,75,5.83,PT,1691059904
223,soto la marina,23.7667,-98.2167,24.25,88,0,1.28,MX,1691059905
224,parichha,25.5167,78.75,29.65,76,100,4.29,IN,1691059906
225,olyokminsk,60.3736,120.4264,22.93,40,2,1.37,RU,1691059907
226,harstad,68.799,16.5293,21.66,64,43,10.28,NO,1691059908
227,ribeira brava,32.65,-17.0667,27.35,77,28,0.14,PT,1691059909
228,young,-32.6833,-57.6333,11.95,49,92,6.44,UY,1691059910
229,broome,42.2506,-75.833,16.31,81,85,1.34,US,1691059911
230,rosetta,31.4044,30.4164,29.64,54,0,5.44,EG,1691059913
231,sanctuary point,-35.1114,150.629,16.1,74,0,2.73,AU,1691059914
232,kandava,57.0409,22.7747,15.93,94,100,4.65,LV,1691059915
233,panjab,34.388,67.0233,26.32,12,0,3.04,AF,1691059916
234,la'ie,21.6477,-157.9253,26.98,75,16,6.69,US,1691059917
235,fisterra,42.9049,-9.2629,21.53,68,99,7.4,ES,1691059807
236,ghat,24.9647,10.1728,39.95,11,0,5.82,LY,1691059919
237,clodomira,-27.5744,-64.1311,16.85,48,2,6.47,AR,1691059920
238,codrington,-38.2667,141.9667,16.5,46,65,9.67,AU,1691059921
239,hammerfest,70.6634,23.6821,23.25,56,40,4.63,NO,1691059922
240,katiola,8.1333,-5.1,24.35,87,100,3.23,CI,1691059924
241,fort stockton,30.894,-102.8793,27.03,46,20,5.14,US,1691059925
242,hithadhoo,-0.6,73.0833,28.0,71,66,2.78,MV,1691059926
243,quelimane,-17.8786,36.8883,23.97,60,75,4.12,MZ,1691059928
244,puerto ayacucho,5.6639,-67.6236,22.96,94,99,1.63,VE,1691059929
245,iskateley,67.6803,53.1512,27.74,44,1,2.95,RU,1691059930
246,piti village,13.4626,144.6933,28.03,90,0,0.0,GU,1691059931
247,redcliff,-19.0333,29.7833,18.01,37,38,3.81,ZW,1691059932
248,barano d'ischia,40.718,13.9309,29.75,83,0,1.34,IT,1691059934
249,motygino,58.1831,94.7592,25.41,57,57,1.82,RU,1691059935
250,ouadda,8.0777,22.4007,26.53,78,68,2.82,CF,1691059936
251,shalqar,47.8333,59.6,33.95,19,8,5.79,KZ,1691059937
252,kingston,17.997,-76.7936,27.53,86,20,4.12,JM,1691059670
253,mariental,-24.6333,17.9667,25.05,25,0,10.24,NA,1691059939
254,isafjordur,66.0755,-23.124,10.02,81,100,0.0,IS,1691059940
255,argo,37.6333,22.7333,30.44,27,0,3.32,GR,1691059941
256,kabompo,-13.5927,24.2008,27.68,24,0,3.24,ZM,1691059942
257,hirara,24.8,125.2833,28.15,94,75,16.98,JP,1691059944
258,margate,51.3813,1.3862,20.39,70,72,4.02,GB,1691059945
259,makarov,48.6333,142.8,13.81,93,100,1.41,RU,1691059946
260,karratha,-20.7377,116.8463,23.15,70,30,2.46,AU,1691059947
261,narasannapeta,18.4167,84.05,31.96,62,77,5.77,IN,1691059948
262,hilo,19.7297,-155.09,24.6,88,0,3.6,US,1691059777
263,umm kaddadah,13.6017,26.6876,33.75,38,69,4.72,SD,1691059950
264,plettenberg bay,-34.0527,23.3716,23.43,34,61,5.83,ZA,1691059951
265,north ward,-19.2454,146.8075,20.95,73,40,3.6,AU,1691059952
266,markovo,57.3206,107.0881,23.82,44,27,1.93,RU,1691059953
267,pathein,16.7833,94.7333,28.86,77,80,5.75,MM,1691059955
268,sidney,-33.8679,151.2073,15.76,79,0,0.45,AU,1691059904
269,sechura,-5.5569,-80.8222,20.11,81,0,4.02,PE,1691059957
270,esquel,-42.9,-71.3167,-3.53,83,20,2.67,AR,1691059958
271,nieuw amsterdam,5.8833,-55.0833,25.08,91,89,3.43,SR,1691059959
272,isangel,-19.55,169.2667,21.96,83,100,10.29,VU,1691059960
273,sliema,35.9125,14.5019,32.27,48,0,5.14,MT,1691059961
274,takoradi,4.8845,-1.7554,26.3,72,95,3.81,GH,1691059962
275,ofunato,39.0717,141.7167,24.57,96,29,2.0,JP,1691059963
276,dakhla,23.6848,-15.958,23.01,73,5,8.75,EH,1691059964
277,bodaybo,57.8506,114.1933,23.0,65,0,1.34,RU,1691059965
278,smithers,54.7804,-127.1743,9.18,93,0,1.54,CA,1691059966
279,mwene-ditu,-7.0,23.45,32.34,18,42,3.12,CD,1691059968
280,college,64.8569,-147.8028,17.67,74,75,2.57,US,1691059970
281,selkirk,50.1436,-96.8845,16.71,95,22,2.79,CA,1691059971
282,novaya igirma,57.1334,103.9112,25.02,39,77,1.78,RU,1691059972
283,veinticinco de mayo,-35.4323,-60.1727,3.88,84,11,0.45,AR,1691059973
284,sinop,41.7711,34.8709,22.24,39,3,4.2,TR,1691059974
285,susuman,62.7833,148.1667,10.19,68,87,3.49,RU,1691059975
286,andovoranto,-18.95,49.1,22.07,85,82,5.36,MG,1691059976
287,kotel'nikovo,47.6317,43.1461,33.36,32,88,4.89,RU,1691059978
288,gubkinskiy,64.434,76.5026,30.46,33,4,6.49,RU,1691059979
289,sola,-13.8833,167.55,23.14,92,100,7.62,VU,1691059980
290,talara,-4.5772,-81.2719,20.79,83,3,4.52,PE,1691059981
291,roma,43.2128,-75.4557,18.79,79,100,3.09,US,1691059923
292,gisborne,-38.6533,178.0042,7.82,75,95,7.62,NZ,1691059984
293,la libertad,-2.2333,-80.9,22.38,86,46,2.06,EC,1691059985
294,conduaga,8.862,117.4893,27.5,83,100,3.52,PH,1691059986
295,kokoda,-8.8785,147.7407,23.15,96,99,0.94,PG,1691059987
296,ponta delgada,37.7333,-25.6667,25.4,78,20,4.12,PT,1691059988
297,mahalapye,-23.1041,26.8142,17.18,44,11,6.8,BW,1691059990
298,muisne,0.6,-80.0333,25.21,87,93,3.74,EC,1691059991
299,simanggang,1.2472,111.4528,32.99,62,20,0.51,MY,1691059992
300,sault ste. marie,46.5168,-84.3333,17.31,100,75,2.06,CA,1691059975
301,armacao de buzios,-22.7469,-41.8817,19.03,77,0,4.82,BR,1691059994
302,rio grande,-32.035,-52.0986,14.06,80,98,5.88,BR,1691059822
303,laojunmiao,39.8333,97.7333,28.4,21,11,6.59,CN,1691059996
304,lazaro cardenas,17.9583,-102.2,26.13,88,99,1.78,MX,1691059997
305,la ligua,-32.4524,-71.2311,11.89,79,10,0.53,CL,1691059998
306,pisco,-13.7,-76.2167,19.03,72,100,1.03,PE,1691060000
307,fortuna,40.5982,-124.1573,14.19,96,0,0.0,US,1691060001
308,baiti,13.745,-14.7482,31.16,61,84,2.91,SN,1691060002
309,polyarnyy,69.1989,33.4478,24.01,52,35,6.67,RU,1691060003
310,nar'yan-mar,67.6713,53.087,27.79,43,1,2.97,RU,1691060004
311,temerluh,3.4506,102.4176,28.32,91,100,0.45,MY,1691060005
312,guerrero negro,27.9769,-114.0611,19.53,88,0,3.86,MX,1691060006
313,teluknaga,-6.0989,106.6381,31.1,74,20,4.12,ID,1691060007
314,ujae,8.9322,165.7642,28.56,78,56,4.79,MH,1691060008
315,la ronge,55.1001,-105.2842,11.14,100,100,0.51,CA,1691060009
316,shalkar,47.8288,59.6258,33.9,19,7,5.8,KZ,1691060011
317,pierre,44.3683,-100.351,21.51,88,0,1.34,US,1691060012
318,haiku-pauwela,20.9219,-156.3051,23.91,82,0,6.17,US,1691060014
319,kizilcahamam,40.4697,32.6506,33.04,23,0,4.44,TR,1691060015
320,kimberley,-28.7323,24.7623,17.83,32,0,5.66,ZA,1691060016
321,afif,23.9065,42.9172,41.64,7,1,4.67,SA,1691060017
322,yarim,14.298,44.3779,21.16,45,89,4.03,YE,1691060018
323,weno,7.4515,151.8468,29.11,71,25,1.76,FM,1691060019
324,nishinoomote,30.7333,131.0,27.32,86,96,9.16,JP,1691060020
325,victorica,-36.2151,-65.4359,5.67,36,1,3.7,AR,1691060021
326,padua,45.4152,11.8818,30.53,56,20,1.54,IT,1691060023
327,indramayu,-6.3264,108.32,27.92,76,1,6.02,ID,1691060024
328,tena,-0.9833,-77.8167,18.81,68,76,1.73,EC,1691060025
329,sao jose da coroa grande,-8.8978,-35.1478,24.77,76,87,5.27,BR,1691060026
330,commerce,34.0006,-118.1598,20.83,84,0,1.54,US,1691060027
331,ola,59.5833,151.2833,12.77,84,100,1.43,RU,1691060028
332,wabag,-5.4781,143.7021,14.16,98,95,0.1,PG,1691060029
333,sangin,32.0728,64.8359,42.42,5,0,5.79,AF,1691060030
334,bardai,11.65,7.2333,28.89,60,78,4.46,NG,1691060031
335,orden,46.3937,9.6963,18.49,73,73,3.17,CH,1691060033
336,fale old settlement,-9.3852,-171.2468,28.46,70,67,7.13,TK,1691060034
337,st. john's,47.5649,-52.7093,17.86,88,75,5.14,CA,1691059848
338,cam ranh,11.9214,109.1591,29.98,74,40,13.38,VN,1691060036
339,berdigestyakh,62.0989,126.6992,18.79,57,48,1.72,RU,1691060037
340,klyuchi,52.2667,79.1667,30.09,33,95,3.18,RU,1691060038
341,arraial do cabo,-22.9661,-42.0278,18.92,82,0,3.09,BR,1691060039
342,jayapura,-2.5333,140.7,25.66,86,77,1.56,ID,1691059808
343,preobrazheniye,42.9019,133.9064,18.77,99,90,4.43,RU,1691060042
344,crane,31.3974,-102.3501,25.92,55,81,7.12,US,1691060043
345,alpine,32.835,-116.7664,18.85,67,100,2.06,US,1691060044
346,bechar,31.6167,-2.2167,38.18,7,0,3.09,DZ,1691060045
347,ataq,14.5377,46.8319,34.27,30,41,3.95,YE,1691060047
348,staryye ozinki,51.1786,49.6769,29.25,34,100,3.13,RU,1691060048
349,gadzhiyevo,69.2551,33.3362,24.44,51,34,6.48,RU,1691060049
350,tarnogskiy gorodok,60.4997,43.5761,24.5,70,11,0.47,RU,1691060050
351,geneina,13.45,22.45,30.74,48,100,1.17,SD,1691060051
352,adjumani,3.3779,31.7909,25.18,65,89,2.85,UG,1691060053
353,zouerate,22.7187,-12.4521,36.97,12,1,4.72,MR,1691060054
354,bafra,41.5678,35.9069,28.82,57,13,3.08,TR,1691060055
355,nadi,-17.8,177.4167,23.0,78,20,4.12,FJ,1691060056
356,prince albert,53.2001,-105.7677,10.97,100,20,3.6,CA,1691060057
357,yevpatoriya,45.1972,33.3558,27.29,52,0,4.58,UA,1691060058
358,sanandrei,45.8531,21.1681,33.87,46,20,4.12,RO,1691060059
359,gotse delchev,41.5667,23.7333,34.13,29,0,2.49,BG,1691060061
360,port saint john's,-31.6229,29.5448,23.15,35,0,3.7,ZA,1691060062
361,smidovich,48.6,133.8167,20.23,57,100,5.65,RU,1691060064
362,lib,8.3122,167.3766,28.15,80,81,4.67,MH,1691060065
363,carnarvon,-24.8667,113.6333,17.4,51,39,6.7,AU,1691060066
364,igersheim,49.4944,9.8169,21.65,64,75,12.86,DE,1691060067
365,jiayuguan,39.8167,98.3,31.81,18,10,7.05,CN,1691060070
366,san martin de los andes,-40.1604,-71.3486,-4.09,93,18,0.89,AR,1691060071
367,manokwari,-0.8667,134.0833,26.69,81,90,2.03,ID,1691060072
368,ambovombe,-25.1667,46.0833,20.72,52,34,8.92,MG,1691060074
369,torbat-e jam,35.244,60.6225,36.39,8,0,10.92,IR,1691060075
370,akjoujt,19.6969,-14.4164,32.71,36,6,6.75,MR,1691060076
371,kremnica,48.7052,18.9183,18.66,72,98,1.65,SK,1691060077
372,contamana,-7.3333,-75.0167,20.73,82,2,0.33,PE,1691060079
373,sitka,57.0531,-135.33,15.94,82,0,3.09,US,1691060080
374,puerto aysen,-45.4,-72.7,3.9,99,100,2.86,CL,1691060081
375,ciudad del carmen,18.6333,-91.8333,25.98,86,100,4.12,MX,1691060082
376,yueyang,29.3333,113.0919,31.27,72,87,2.55,CN,1691060083
377,sao joao do piaui,-8.3581,-42.2467,25.34,64,32,5.58,BR,1691060086
378,pakse,15.1167,105.7833,29.08,79,75,1.03,LA,1691060087
379,kuressaare,58.2481,22.5039,17.23,98,100,8.49,EE,1691060088
380,taoudenni,22.6783,-3.9836,46.08,5,44,1.83,ML,1691060090
381,kayes,14.0,-11.0,29.57,62,95,2.87,ML,1691060091
382,newman,37.3138,-121.0208,16.99,72,1,1.63,US,1691060092
383,azacualpa,15.3433,-88.5514,24.36,99,100,0.43,HN,1691060093
384,cidade velha,14.9167,-23.6167,28.26,69,40,2.06,CV,1691060094
385,arkhangel'sk,64.5401,40.5433,27.98,38,41,1.67,RU,1691060095
386,waingapu,-9.6567,120.2641,24.38,79,4,4.86,ID,1691060096
387,murzuq,25.9155,13.9184,38.6,11,0,2.22,LY,1691060098
388,coscomatepec de bravo,19.0667,-97.0333,16.28,100,98,1.22,MX,1691060099
389,kolonia,50.9333,6.95,20.46,80,100,7.2,DE,1691060074
390,srivardhan,18.0333,73.0167,27.35,82,98,7.21,IN,1691060101
391,rukungiri,-0.8411,29.9419,24.77,39,86,2.45,UG,1691060103
392,nogliki,51.8333,143.1667,12.26,85,31,3.56,RU,1691060104
393,mount gambier,-37.8333,140.7667,16.8,45,70,6.77,AU,1691059839
394,leppavirta,62.4901,27.7826,21.08,60,85,3.1,FI,1691060106
395,nuku'alofa,-21.1333,-175.2,21.19,68,40,4.63,TO,1691060107
396,bathsheba,13.2167,-59.5167,26.34,89,20,4.12,BB,1691060109
397,najran,17.4924,44.1277,39.36,10,100,3.21,SA,1691060110
398,kazanskoye,55.6448,69.235,24.47,69,85,3.6,RU,1691060111
399,macau,22.2006,113.5461,30.89,84,20,5.14,MO,1691059926
400,at taraf,25.3628,49.725,49.3,7,0,10.46,SA,1691060113
401,kuznia raciborska,50.2006,18.3115,20.28,82,100,6.24,PL,1691060114
402,santiago de cao,-7.9589,-79.2392,18.07,94,75,1.03,PE,1691060115
403,zama,35.4889,139.3886,31.01,64,31,3.13,JP,1691060118
404,suva,-18.1416,178.4415,22.71,88,75,4.63,FJ,1691060002
405,saldanha,-33.0117,17.9442,25.03,48,1,8.67,ZA,1691060120
406,tura,25.5198,90.2201,26.27,92,99,2.52,IN,1691060121
407,bac lieu,9.285,105.7244,28.74,74,100,5.19,VN,1691060122
408,elko,41.0002,-115.5012,14.01,86,100,1.37,US,1691060123
409,yelizovo,53.1873,158.3805,13.08,100,20,3.13,RU,1691060124
410,swakopmund,-22.6833,14.5333,14.47,62,0,4.21,NA,1691060125
411,yeppoon,-23.1333,150.7333,18.88,79,0,7.86,AU,1691060128
412,beauceville,46.2179,-70.7787,13.06,93,57,2.06,CA,1691060129
413,sibolga,1.7427,98.7792,27.36,80,95,0.7,ID,1691060130
414,mega,4.05,38.3,16.55,60,100,8.26,ET,1691060132
415,saint-joseph,-21.3667,55.6167,24.21,82,27,6.89,RE,1691060133
416,chiplun,17.5333,73.5167,27.47,82,100,4.34,IN,1691060135
417,kachug,53.9606,105.8817,24.22,52,90,1.2,RU,1691060136
418,kapa'a,22.0752,-159.319,27.18,82,20,7.2,US,1691060137
419,colchani,-20.3,-66.9333,0.05,22,0,0.45,BO,1691060138
420,thurgoona,-36.0451,146.9919,13.22,93,4,1.9,AU,1691060139
421,basco,20.4487,121.9702,27.9,87,100,15.99,PH,1691060141
422,tabas,33.5959,56.9244,41.12,9,0,6.17,IR,1691060142
423,salinas,36.6777,-121.6555,14.72,91,100,2.57,US,1691059971
424,port lincoln,-34.7333,135.8667,18.17,64,100,7.47,AU,1691060144
425,namibe,-15.1961,12.1522,21.98,68,2,4.21,AO,1691060059
426,dori,14.0354,-0.0345,33.33,46,64,5.78,BF,1691060146
427,lianyuan,27.6883,111.6642,30.01,75,47,0.92,CN,1691060147
428,madang,-5.2246,145.7966,25.96,87,63,1.36,PG,1691060149
429,kardla,58.9978,22.7492,18.36,82,100,6.37,EE,1691060150
430,dourados,-22.2211,-54.8056,17.63,50,0,1.24,BR,1691060002
431,pacific grove,36.6177,-121.9166,14.68,88,100,2.57,US,1691060152
432,bushehr,28.9684,50.8385,39.05,53,3,5.14,IR,1691060153
433,manicore,-5.8092,-61.3003,23.71,88,94,0.12,BR,1691060154
434,cooper's town,26.8667,-77.5167,28.1,71,12,4.89,BS,1691060155
435,madalena,41.2162,-8.3345,22.09,58,1,3.1,PT,1691060156
436,callao,-12.0667,-77.15,20.4,73,100,3.09,PE,1691059907
437,magistral'nyy,56.1725,107.4458,23.04,46,16,2.31,RU,1691060158
438,kavieng,-2.5744,150.7967,27.15,80,21,2.84,PG,1691060160
439,mugia,43.1041,-9.2179,21.62,65,97,6.78,ES,1691060161
440,mammoth lakes,37.6485,-118.9721,10.75,55,0,0.0,US,1691060162
441,grand falls-windsor,48.9332,-55.6649,15.28,87,0,4.04,CA,1691060163
442,supe,-10.8,-77.7333,17.92,82,63,2.26,PE,1691060164
443,kiruna,67.8557,20.2251,16.51,77,100,5.66,SE,1691060166
444,floro,61.5996,5.0328,20.04,68,40,6.17,NO,1691060167
445,saudarkrokur,65.7461,-19.6394,13.01,64,29,1.16,IS,1691060168
446,myeik,12.4333,98.6,27.09,87,93,5.43,MM,1691060170
447,sibut,5.718,19.0739,24.53,80,100,2.68,CF,1691060171
448,vincennes,48.85,2.4333,18.42,80,100,7.72,FR,1691060172
449,saint-philippe,-21.3585,55.7679,24.77,85,50,6.36,RE,1691060173
450,norderney,53.7,7.15,22.32,81,53,6.07,DE,1691060174
451,torghay,49.6339,63.4981,33.4,25,45,6.61,KZ,1691060175
452,sharanga,57.1775,46.5396,27.06,43,47,1.05,RU,1691060176
453,ostersund,63.1792,14.6357,20.34,63,20,4.63,SE,1691060177
454,midvagur,62.0511,-7.1939,10.46,87,75,9.77,FO,1691060179
455,ma'an,26.9775,110.7211,29.61,70,96,0.42,CN,1691060181
456,cabedelo,-6.9811,-34.8339,24.37,78,79,7.04,BR,1691060140
457,kaoma,-14.7833,24.8,25.68,26,0,3.57,ZM,1691060183
458,glace bay,46.1969,-59.957,18.83,91,20,3.09,CA,1691060184
459,acarau,-2.8856,-40.12,27.15,69,20,7.7,BR,1691060185
460,arraias,-12.9288,-46.9437,22.74,41,88,2.18,BR,1691060187
461,mangaratiba,-22.9597,-44.0406,20.48,62,0,3.1,BR,1691060188
462,port blair,11.6667,92.75,30.02,74,40,6.69,IN,1691060190
463,lana,46.6124,11.1559,27.68,92,99,1.49,IT,1691060191
464,ginowan,26.2627,127.7615,27.77,92,100,13.38,JP,1691060192
465,bani walid,31.7566,13.9942,37.37,18,0,2.0,LY,1691060193
466,coahuayana de hidalgo,18.7,-103.6583,25.55,92,87,1.54,MX,1691060194
467,tanque verde,32.2517,-110.7373,29.36,45,0,3.09,US,1691060195
468,remire-montjoly,4.9167,-52.2667,24.02,94,0,0.0,GF,1691060196
469,puerto colombia,10.9878,-74.9547,27.05,84,77,6.03,CO,1691060197
470,majene,-3.5403,118.9707,26.23,82,2,1.74,ID,1691060198
471,tolanaro,-25.0319,46.9987,22.04,60,75,6.17,MG,1691060199
472,labuan,5.2767,115.2417,28.2,78,20,1.03,MY,1691060201
473,moncks corner,33.196,-80.0131,23.24,89,0,0.0,US,1691060202
474,priargunsk,50.3691,119.1012,13.88,83,100,6.85,RU,1691060203
475,yerofey pavlovich,53.9667,121.9667,18.02,55,27,2.26,RU,1691060204
476,gaspe,48.8334,-64.4819,12.95,100,0,1.54,CA,1691060205
477,hanawa,40.1836,140.7872,26.58,91,83,1.41,JP,1691060206
478,nacala,-14.5428,40.6728,29.62,48,75,6.69,MZ,1691060208
479,mission,26.2159,-98.3253,27.73,84,0,2.06,US,1691060063
480,atamyrat,37.8357,65.2106,43.09,8,0,8.13,TM,1691060210
481,rikaze,29.25,88.8833,22.23,33,100,0.83,CN,1691060211
482,daru,-9.0763,143.2092,24.7,83,70,8.59,PG,1691060212
483,puerto lempira,15.2667,-83.7667,25.05,91,39,0.85,HN,1691060213
484,sungai penuh,-2.0833,101.3833,20.31,98,95,0.74,ID,1691060214
485,sajir,25.1825,44.5996,43.57,7,0,3.56,SA,1691060215
486,hermosillo,29.0667,-110.9667,31.49,54,0,1.25,MX,1691060216
487,sabha,27.0377,14.4283,38.31,12,0,2.6,LY,1691060218
488,shijiang,27.0819,110.7933,29.51,72,96,0.36,CN,1691060219
489,saint andrews,34.0454,-81.1293,23.49,83,100,2.06,US,1691060220
490,shakiso,5.75,38.9167,16.23,88,100,1.99,ET,1691060221
491,griffith,41.5284,-87.4237,21.05,95,0,1.54,US,1691060222
492,kirensk,57.7853,108.1119,23.98,47,2,1.76,RU,1691060223
493,ayancik,41.9447,34.5861,26.15,65,4,2.57,TR,1691060224
494,gaitania,3.0906,-75.6723,16.04,81,55,2.03,CO,1691060225
495,kangding,30.0513,101.9603,17.77,96,95,2.32,CN,1691060227
496,la passe,45.5549,-0.8967,21.13,65,29,10.07,FR,1691060228
497,mili,6.0815,171.735,28.41,75,62,3.74,MH,1691060229
498,kupino,54.3663,77.2981,29.86,39,74,4.19,RU,1691060230
499,bonanza,14.0289,-84.591,21.7,99,65,1.0,NI,1691060231
500,kuqa,41.7278,82.9364,32.78,21,98,2.47,CN,1691060232
501,noosa heads,-26.3833,153.15,16.3,68,23,7.57,AU,1691060233
502,tazovsky,67.4667,78.7,22.97,49,10,4.97,RU,1691060234
503,morehead city,34.7229,-76.726,22.77,85,0,2.06,US,1691060030
504,abepura,-2.6333,140.5833,25.45,83,20,1.54,ID,1691060237
505,phan thiet,10.9333,108.1,26.2,88,100,5.44,VN,1691060238
506,takestan,36.0696,49.6959,39.07,9,8,9.35,IR,1691060239
507,dingli,35.8614,14.3822,31.09,48,0,5.66,MT,1691060240
508,hirna,9.2167,41.1,21.16,68,60,4.11,ET,1691060241
509,axim,4.8699,-2.2405,26.47,70,99,4.02,GH,1691060242
510,fiambala,-27.6871,-67.6149,11.39,44,1,1.02,AR,1691060243
511,grande prairie,55.1667,-118.8027,13.1,94,75,3.6,CA,1691060027
512,salamanca,40.8333,-6.0,22.01,27,0,4.25,ES,1691060247
513,ugoofaaru,5.6667,73.0,28.38,72,72,4.69,MV,1691060248
514,metlili chaamba,32.2667,3.6333,39.52,11,0,2.06,DZ,1691060249
515,novyy urgal,51.0736,132.5642,17.33,66,85,0.99,RU,1691060250
516,kapuskasing,49.4169,-82.4331,13.0,94,40,2.06,CA,1691060251
517,lhokseumawe,5.1801,97.1507,28.35,78,90,1.88,ID,1691060252
518,san nicolas,18.1725,120.5953,27.95,89,75,7.2,PH,1691060254
519,grange,-34.9,138.4833,22.07,41,0,7.72,AU,1691060255
520,lajere,11.9797,11.4443,33.69,43,92,4.96,NG,1691060256
521,kukawa,12.9234,13.5606,34.99,39,67,3.78,NG,1691060257
522,tanout,14.9709,8.8879,33.55,41,29,7.34,NE,1691060258
523,mount isa,-20.7333,139.5,17.87,52,0,2.57,AU,1691060259
524,hotan,37.0997,79.9269,33.49,19,29,2.1,CN,1691060260
525,buncrana,55.1333,-7.45,16.87,85,89,8.05,IE,1691060261
526,saltillo,25.4167,-101.0,20.72,61,0,0.94,MX,1691060262
527,boa vista,2.8197,-60.6733,23.99,94,40,1.03,BR,1691060264
528,sydney mines,46.2367,-60.2177,19.27,91,20,3.09,CA,1691060265
529,nuuk,64.1835,-51.7216,6.6,93,63,3.58,GL,1691060266
530,kamina,-8.7386,24.9906,30.51,19,35,3.11,CD,1691060267
531,celestun,20.8667,-90.4,25.09,80,44,3.55,MX,1691060268
532,walvis bay,-22.9575,14.5053,14.53,77,0,4.12,NA,1691060269
533,zhangjiakou,40.81,114.8794,29.68,72,45,2.6,CN,1691060007
534,sur,22.5667,59.5289,33.81,58,63,2.88,OM,1691060271
535,flying fish cove,-10.4217,105.6791,23.82,94,100,6.69,CX,1691060272
536,conde,-7.2597,-34.9075,23.7,94,40,3.09,BR,1691060273
537,mejit,10.2753,170.8646,28.1,80,35,7.04,MH,1691060275
538,nemuro,43.3236,145.575,18.51,93,100,6.9,JP,1691060276
539,harar,9.3094,42.1258,17.28,76,86,5.65,ET,1691060277
540,magadan,59.5667,150.8,12.41,85,100,0.94,RU,1691060279
541,opuwo,-18.0607,13.84,27.0,8,2,2.49,NA,1691060280
542,luderitz,-26.6481,15.1594,21.11,30,2,6.04,NA,1691060281
543,kresttsy,58.2452,32.5165,27.88,46,54,4.55,RU,1691060282
544,qui nhon,13.7667,109.2333,30.01,72,99,3.04,VN,1691060283
545,clarence-rockland,45.5501,-75.291,18.05,92,100,3.02,CA,1691060136
546,sao gabriel da cachoeira,-0.1303,-67.0892,21.97,99,94,0.39,BR,1691060286
547,camana,-16.6228,-72.7111,15.85,85,11,1.78,PE,1691060287
548,christchurch,-43.5333,172.6333,5.53,87,67,1.03,NZ,1691060089
549,labytnangi,66.6572,66.4183,26.8,44,1,6.22,RU,1691060290
550,motueka,-41.1333,173.0167,5.61,83,4,1.67,NZ,1691060291
551,skovorodino,53.9833,123.9167,18.3,59,48,2.07,RU,1691060292
552,al kharj,24.155,47.3346,48.32,6,0,6.44,SA,1691060293
553,ust-tsilma,65.441,52.1498,28.99,35,30,1.92,RU,1691060294
554,taroa,8.7058,171.2275,28.29,78,63,5.89,MH,1691060295
555,pocone,-16.2567,-56.6228,23.42,38,0,1.55,BR,1691060297
556,as sulayyil,20.4607,45.5779,45.14,6,13,2.17,SA,1691060298
557,fiche,9.8,38.7333,14.89,70,89,0.96,ET,1691060299
558,hyesan,41.4017,128.1778,23.53,84,28,1.52,KP,1691060300
559,al wasitah,29.3378,31.2056,38.05,14,0,5.41,EG,1691060301
560,kimbe,-5.5502,150.1429,25.29,84,78,3.65,PG,1691060302
561,papao,-17.75,-149.55,22.82,73,1,5.81,PF,1691060303
562,nizhniy odes,63.6445,54.856,26.68,40,93,3.38,RU,1691060304
563,arar,30.9753,41.0381,41.01,8,0,2.06,SA,1691060306
564,ghaziabad,28.6667,77.4333,34.08,46,64,1.76,IN,1691060307
565,goure,13.9835,10.2704,34.92,37,81,5.44,NE,1691060308
566,guiuan,11.0333,125.7247,29.3,78,100,4.52,PH,1691060309
567,tomatlan,19.9333,-105.25,24.01,95,68,1.3,MX,1691060310
568,motomachi,43.8228,144.1044,25.01,88,75,2.57,JP,1691060311
569,ndele,8.4109,20.6473,29.38,59,78,3.45,CF,1691060313
570,barrouallie,13.2333,-61.2667,25.79,83,40,3.6,VC,1691060314
571,brownwood,31.7093,-98.9912,27.0,62,0,3.09,US,1691060048
572,shingu,33.7333,135.9833,26.11,92,56,2.16,JP,1691060317
573,mahina,-17.5065,-149.489,22.87,83,0,0.51,PF,1691060318
